{"cameraMode":{"drawMode":0,"name":"Shaded","section":"Shading Mode"},"sceneLighting":true,"audioPlay":false,"sceneViewState":{"showFog":true,"showMaterialUpdate":false,"showSkybox":true,"showFlares":true,"showImageEffects":true,"showParticleSystems":true,"showVisualEffectGraphs":true,"m_FxEnabled":false},"in2DMode":false,"pivot":{"x":1.5974442958831788,"y":2.8930060863494875,"z":-0.6207942962646484},"rotation":{"x":-0.0692179873585701,"y":-0.03231913968920708,"z":0.0022439253516495229,"w":-0.9970768094062805},"size":13.132588386535645,"orthographic":false}